Res1_pdb,Res2_pdb,Res1_msa,Res2_msa,Interaction_Type,Residue_Parts,Missing_res_msa
SER3,GLN7,7,14,hbond,mc-mc,1
ALA4,LYS8,11,15,hbond,mc-mc,2
VAL5,LEU9,12,18,hbond,mc-mc,3
VAL5,LEU9,12,18,hydrophobic,sc-sc,4
VAL5,VAL33,12,42,hydrophobic,sc-sc,8
VAL5,ILE259,12,282,hydrophobic,sc-sc,9
GLN6,ALA10,13,19,hbond,mc-mc,10
GLN6,LEU34,13,43,hbond,sc-mc,16
GLN6,TYR35,13,44,vdw,mc-sc,17
GLN7,ALA11,14,20,hbond,mc-mc,72
LYS8,LEU12,15,21,hbond,mc-mc,84
LYS8,ILE258,15,281,vdw,wc-sc,85
LEU9,GLU13,18,22,hbond,mc-mc,86
LEU9,LEU20,18,29,vdw,wc-sc,87
LEU9,VAL22,18,31,hydrophobic,sc-sc,88
LEU9,TYR35,18,44,vdw,wc-sc,107
LEU9,ALA255,18,278,vdw,sc-wc,134
ALA10,TYR35,19,44,vdw,wc-sc,140
ALA11,SER15,20,24,hbond,mc-mc,141
LEU12,SER16,21,25,hbond,mc-mc,142
LEU12,SER16,21,25,hbond,mc-sc,193
LEU12,LEU20,21,29,hydrophobic,sc-sc,234
LEU12,VAL251,21,274,vdw,sc-wc,264
LEU12,SER254,21,277,vdw,sc-wc,287
LEU12,ALA255,21,278,vdw,sc-wc,288
LEU12,ILE258,21,281,hydrophobic,sc-sc,289
GLU13,GLY17,22,26,hbond,mc-mc,290
GLU13,GLY18,22,27,vdw,wc-mc,291
GLU13,ARG19,22,28,vdw,sc-wc,292
GLU13,LEU20,22,29,hbond,sc-mc,293
GLU13,TYR35,22,44,hbond,sc-sc,294
GLU13,ARG36,22,45,saltbridge,sc-sc,295
SER16,PHE238,25,260,vdw,wc-sc,
SER16,GLN240,25,262,vdw,mc-sc,
GLY17,GLN240,26,262,vdw,mc-sc,
GLY17,PRO241,26,263,vdw,mc-sc,
GLY18,PHE238,27,260,vdw,mc-sc,
GLY18,THR239,27,261,vdw,mc-mc,
GLY18,GLN240,27,262,vdw,mc-mc,
GLY18,PRO241,27,263,vdw,mc-sc,
ARG19,ARG36,28,45,vdw,sc-sc,
ARG19,GLU39,28,48,saltbridge,sc-sc,
ARG19,ARG40,28,49,hbond,sc-mc,
ARG19,PHE41,28,50,cationpi,sc-sc,
ARG19,TYR237,28,259,vdw,mc-mc,
ARG19,PHE238,28,260,vdw,mc-wc,
ARG19,THR239,28,261,hbond,mc-mc,
LEU20,VAL22,29,31,hydrophobic,sc-sc,
LEU20,TYR35,29,44,vdw,wc-wc,
LEU20,ARG36,29,45,vdw,mc-sc,
LEU20,PHE41,29,50,vdw,mc-sc,
LEU20,TYR237,29,259,vdw,wc-mc,
GLY21,TYR35,30,44,vdw,mc-mc,
GLY21,ARG36,30,45,vdw,mc-wc,
GLY21,PHE41,30,50,vdw,mc-sc,
GLY21,PRO158,30,178,vdw,mc-sc,
GLY21,VAL235,30,257,vdw,mc-mc,
GLY21,THR236,30,258,vdw,mc-wc,
GLY21,TYR237,30,259,hbond,mc-mc,
VAL22,LEU34,31,43,vdw,mc-wc,
VAL22,TYR35,31,44,hbond,mc-mc,
VAL22,GLY37,31,46,vdw,mc-mc,
VAL22,PRO158,31,178,vdw,mc-sc,
VAL22,LEU234,31,256,vdw,sc-sc,
VAL22,VAL235,31,257,vdw,wc-mc,
VAL22,ALA255,31,278,vdw,sc-sc,
ALA23,VAL33,32,42,vdw,wc-mc,
ALA23,LEU34,32,43,hydrophobic,sc-sc,
ALA23,ARG159,32,179,vdw,sc-mc,
ALA23,ALA162,32,182,hydrophobic,sc-sc,
ALA23,VAL233,32,255,vdw,mc-mc,
ALA23,LEU234,32,256,vdw,mc-wc,
ALA23,VAL235,32,257,hbond,mc-mc,
LEU24,THR31,33,40,vdw,mc-mc,
LEU24,GLN32,33,41,vdw,mc-wc,
LEU24,VAL33,33,42,hbond,mc-mc,
LEU24,LEU232,33,254,hydrophobic,sc-sc,
LEU24,VAL233,33,255,vdw,wc-mc,
LEU24,LEU234,33,256,hydrophobic,sc-sc,
LEU24,ILE259,33,282,hydrophobic,sc-sc,
ILE25,THR31,34,40,vdw,wc-mc,
ILE25,GLN32,34,41,vdw,wc-wc,
ILE25,ALA162,34,182,hydrophobic,sc-sc,
ILE25,GLN163,34,183,vdw,sc-wc,
ILE25,ARG166,34,186,vdw,sc-sc,
ILE25,LEU232,34,254,vdw,mc-wc,
ILE25,VAL233,34,255,hbond,mc-mc,
ASP26,ALA28,35,37,hbond,sc-mc,
ASP26,THR31,35,40,hbond,mc-mc,
ASP26,ARG229,35,251,saltbridge,sc-sc,
ASP26,PRO231,35,253,vdw,wc-mc,
ASP26,LEU232,35,254,vdw,wc-sc,
THR27,ARG166,36,186,vdw,wc-sc,
THR27,LEU170,36,190,vdw,sc-sc,
THR27,ALA230,36,252,vdw,sc-wc,
THR27,PRO231,36,253,hbond,sc-mc,
THR27,PRO231,36,253,hbond,mc-mc,
ALA28,ARG229,37,251,vdw,wc-sc,
ALA28,ALA230,37,252,vdw,wc-sc,
ALA28,PRO231,37,253,vdw,mc-mc,
ASP29,THR31,38,40,hbond,sc-sc,
ASP29,THR31,38,40,hbond,sc-mc,
ASN30,ARG166,39,186,hbond,sc-sc,
GLN32,ARG159,41,179,hbond,sc-sc,
GLN32,GLN163,41,183,vdw,sc-sc,
LEU34,ARG159,43,179,vdw,sc-sc,
ARG36,GLU39,45,48,saltbridge,sc-sc,
ARG36,PHE41,45,50,vdw,wc-sc,
ARG36,PRO158,45,178,vdw,mc-sc,
GLY37,THR157,46,177,vdw,mc-wc,
GLY37,PRO158,46,178,vdw,mc-wc,
GLY37,ARG159,46,179,hbond,mc-mc,
ASP38,THR157,47,177,vdw,mc-sc,
ASP38,ARG159,47,179,saltbridge,sc-sc,
GLU39,THR156,48,176,vdw,mc-mc,
GLU39,THR157,48,177,vdw,mc-wc,
GLU39,PRO158,48,178,vdw,mc-wc,
ARG40,ARG136,49,156,vdw,sc-sc,
ARG40,PRO152,49,172,vdw,sc-wc,
ARG40,THR155,49,175,hbond,sc-sc,
PHE41,PRO42,50,51,hydrophobic,sc-sc,
PHE41,THR155,50,175,vdw,mc-wc,
PHE41,THR156,50,176,hbond,mc-mc,
PHE41,PRO158,50,178,hydrophobic,sc-sc,
PHE41,TYR237,50,259,pipi,sc-sc,
PHE41,THR239,50,261,vdw,sc-sc,
PRO42,ALA147,51,167,hydrophobic,sc-sc,
PRO42,ASP154,51,174,vdw,mc-mc,
PRO42,THR155,51,175,vdw,wc-wc,
PRO42,THR217,51,239,vdw,wc-sc,
PRO42,ASN219,51,241,hbond,mc-sc,
MET43,THR46,52,55,hbond,mc-sc,
MET43,SER47,52,56,vdw,sc-wc,
MET43,PHE135,52,155,hydrophobic,sc-sc,
MET43,ARG136,52,156,vdw,sc-mc,
MET43,LEU137,52,157,vdw,sc-sc,
MET43,THR155,52,175,vdw,sc-mc,
MET43,THR156,52,176,vdw,sc-wc,
MET43,MET161,52,181,vdw,sc-sc,
MET43,ASN219,52,241,vdw,mc-sc,
CYS44,SER47,53,56,hbond,mc-mc,
CYS44,SER47,53,56,hbond,mc-sc,
CYS44,LEU144,53,164,vdw,mc-wc,
CYS44,ASN145,53,165,vdw,wc-wc,
CYS44,SER212,53,233,vdw,sc-mc,
CYS44,GLY213,53,235,vdw,sc-mc,
CYS44,THR217,53,239,vdw,sc-sc,
SER45,LYS48,54,57,hbond,mc-mc,
SER45,LYS48,54,57,hbond,sc-sc,
SER45,SER105,54,121,vdw,sc-sc,
SER45,ASN145,54,165,vdw,mc-sc,
SER45,LYS209,54,230,vdw,wc-sc,
SER45,THR210,54,231,vdw,wc-mc,
SER45,GLY211,54,232,vdw,wc-mc,
THR46,VAL49,55,58,hbond,mc-mc,
THR46,MET50,55,59,vdw,mc-mc,
THR46,MET161,55,181,vdw,sc-sc,
THR46,LYS209,55,230,vdw,wc-wc,
THR46,THR210,55,231,vdw,wc-mc,
SER47,ALA51,56,60,hbond,mc-mc,
SER47,MET110,56,126,vdw,wc-sc,
SER47,LEU137,56,157,vdw,sc-sc,
SER47,LEU144,56,164,vdw,sc-sc,
LYS48,ALA52,57,61,hbond,mc-mc,
LYS48,ALA101,57,117,vdw,sc-wc,
LYS48,LEU102,57,118,vdw,mc-sc,
LYS48,SER105,57,121,vdw,sc-wc,
LYS48,ASP106,57,122,vdw,sc-mc,
LYS48,ASN107,57,123,hbond,sc-sc,
LYS48,MET110,57,126,vdw,wc-sc,
LYS48,GLU141,57,161,saltbridge,sc-sc,
LYS48,LYS209,57,230,vdw,sc-sc,
VAL49,ALA53,58,62,hbond,mc-mc,
VAL49,LEU102,58,118,hydrophobic,sc-sc,
VAL49,LEU165,58,185,vdw,sc-sc,
VAL49,LYS209,58,230,vdw,sc-sc,
VAL49,ILE221,58,243,vdw,sc-sc,
MET50,ALA54,59,63,hbond,mc-mc,
MET50,VAL123,59,143,hydrophobic,sc-sc,
MET50,PHE126,59,146,vdw,wc-sc,
MET50,PHE135,59,155,hydrophobic,sc-sc,
MET50,THR164,59,184,vdw,sc-sc,
MET50,LEU168,59,188,vdw,sc-sc,
ALA51,VAL55,60,64,vdw,mc-wc,
ALA51,MET110,60,126,vdw,sc-sc,
ALA51,LEU113,60,129,vdw,wc-sc,
ALA51,LEU117,60,133,vdw,mc-sc,
ALA51,VAL123,60,143,vdw,wc-sc,
ALA52,LEU56,61,65,hbond,mc-mc,
ALA52,LEU102,61,118,hydrophobic,sc-sc,
ALA52,LEU113,61,129,vdw,mc-sc,
ALA53,LYS57,62,66,hbond,mc-mc,
ALA53,LEU168,62,188,hydrophobic,sc-sc,
ALA53,LEU174,62,195,vdw,wc-sc,
ALA54,GLN58,63,67,hbond,mc-mc,
ALA54,PHE126,63,146,hydrophobic,sc-sc,
VAL55,SER59,64,68,hbond,mc-mc,
VAL55,LEU94,64,110,vdw,sc-sc,
VAL55,SER98,64,114,vdw,sc-sc,
VAL55,LEU113,64,129,hydrophobic,sc-sc,
VAL55,LEU117,64,133,hydrophobic,sc-sc,
LEU56,SER59,65,68,hbond,mc-sc,
LEU56,GLU60,65,69,vdw,mc-wc,
LEU56,LEU66,65,76,vdw,sc-sc,
LEU56,LEU174,65,195,vdw,wc-sc,
LEU56,GLN178,65,199,vdw,wc-wc,
LEU56,GLN181,65,202,vdw,sc-sc,
LEU56,LEU182,65,203,vdw,sc-sc,
LEU56,TRP185,65,206,vdw,sc-sc,
LYS57,GLU60,66,69,saltbridge,sc-sc,
LYS57,GLU60,66,69,hbond,mc-mc,
LYS57,PHE126,66,146,vdw,sc-sc,
LYS57,ALA173,66,194,hbond,sc-mc,
LYS57,LEU174,66,195,vdw,wc-sc,
GLN58,GLN62,67,71,hbond,mc-mc,
GLN58,LEU65,67,75,vdw,wc-sc,
GLN58,LEU117,67,133,vdw,sc-sc,
SER59,LYS63,68,73,vdw,mc-mc,
SER59,LEU66,68,76,vdw,sc-sc,
GLU60,ALA173,69,194,vdw,sc-mc,
GLU60,GLY175,69,196,vdw,sc-mc,
GLN62,LEU65,71,75,hbond,mc-mc,
GLN64,ASN67,74,77,hbond,mc-mc,
GLN64,GLN68,74,78,vdw,mc-wc,
LEU65,GLN68,75,78,hbond,mc-mc,
LEU65,LEU94,75,110,vdw,wc-sc,
LEU65,GLN116,75,132,vdw,sc-sc,
LEU66,THR93,76,109,vdw,mc-wc,
LEU66,LEU94,76,110,vdw,wc-wc,
LEU66,ALA95,76,111,hbond,mc-mc,
LEU66,ALA95,76,111,hydrophobic,sc-sc,
LEU66,GLN181,76,202,vdw,sc-sc,
GLN68,MET92,78,108,vdw,mc-mc,
GLN68,THR93,78,109,vdw,mc-wc,
GLN68,LEU94,78,110,hbond,mc-mc,
GLN68,GLN116,78,132,vdw,sc-sc,
PRO69,THR91,79,106,vdw,wc-sc,
PRO69,MET92,79,108,vdw,wc-mc,
PRO69,THR93,79,109,vdw,mc-mc,
VAL70,THR91,80,106,vdw,mc-wc,
VAL70,MET92,80,108,hbond,mc-mc,
VAL70,LEU97,80,113,hydrophobic,sc-sc,
VAL70,LYS112,80,128,vdw,sc-sc,
GLU71,ASP76,81,91,vdw,mc-sc,
GLU71,GLY90,81,105,vdw,wc-mc,
GLU71,LYS112,81,128,vdw,mc-sc,
ILE72,ASP76,82,91,vdw,wc-sc,
ILE72,LEU77,82,92,vdw,sc-sc,
ILE72,ALA84,82,99,vdw,sc-wc,
ILE72,HID87,82,102,vdw,wc-wc,
ILE72,VAL88,82,103,vdw,wc-wc,
ILE72,ASN89,82,104,hbond,mc-mc,
ILE72,GLY90,82,105,hbond,mc-mc,
ILE72,MET92,82,108,hydrophobic,sc-sc,
ILE72,LEU97,82,113,vdw,sc-sc,
ILE72,THR108,82,124,vdw,sc-sc,
ILE72,LYS112,82,128,vdw,wc-sc,
LYS73,ASP76,83,91,hbond,mc-sc,
LYS73,ASP76,83,91,hbond,mc-mc,
LYS73,LEU77,83,92,vdw,mc-wc,
LYS73,VAL88,83,103,vdw,mc-sc,
PRO74,VAL88,89,103,hydrophobic,sc-sc,
ASP76,THR108,91,124,hbond,mc-sc,
ASP76,LYS112,91,128,saltbridge,sc-sc,
LEU77,ASN81,92,96,vdw,wc-sc,
LEU77,ALA84,92,99,vdw,sc-wc,
LEU77,GLU85,92,100,vdw,sc-wc,
LEU77,VAL88,92,103,hydrophobic,sc-sc,
LEU77,THR108,92,124,vdw,wc-sc,
VAL78,ASN107,93,123,vdw,sc-wc,
VAL78,THR108,93,124,vdw,wc-wc,
VAL78,ASN111,93,127,vdw,sc-sc,
VAL78,GLU141,93,161,vdw,sc-wc,
VAL78,PRO142,93,162,hydrophobic,sc-sc,
ASN79,ASN107,94,123,hbond,sc-sc,
TYR80,TYR104,95,120,hbond,sc-mc,
TYR80,ASP106,95,122,vdw,wc-wc,
TYR80,ASN107,95,123,hbond,mc-mc,
ASN81,GLU85,96,100,hbond,mc-mc,
ASN81,ASP106,96,122,vdw,wc-wc,
ASN81,THR108,96,124,vdw,sc-wc,
PRO82,LYS86,97,101,vdw,mc-wc,
ILE83,HID87,98,102,hbond,mc-sc,
ILE83,MET92,98,108,hydrophobic,sc-sc,
ILE83,ALA100,98,116,hydrophobic,sc-sc,
ILE83,TYR104,98,120,vdw,sc-sc,
ILE83,ASP106,98,122,hbond,mc-sc,
ALA84,HID87,99,102,hbond,mc-mc,
ALA84,VAL88,99,103,vdw,mc-wc,
ALA84,MET92,99,108,vdw,wc-sc,
ALA84,ASP106,99,122,hbond,mc-sc,
ALA84,ALA109,99,125,vdw,sc-mc,
HID87,THR91,102,106,vdw,wc-mc,
HID87,MET92,102,108,vdw,sc-sc,
MET92,GLU96,108,112,vdw,sc-wc,
MET92,LEU97,108,113,hydrophobic,sc-sc,
THR93,LEU97,109,113,hbond,mc-mc,
LEU94,SER98,110,114,hbond,mc-sc,
LEU94,SER98,110,114,hbond,mc-mc,
LEU94,LEU113,110,129,hydrophobic,sc-sc,
LEU94,GLN116,110,132,vdw,sc-sc,
ALA95,ALA99,111,115,hbond,mc-mc,
ALA95,TRP185,111,206,vdw,mc-sc,
GLU96,ALA100,112,116,hbond,mc-mc,
LEU97,ALA101,113,117,hbond,mc-mc,
LEU97,ALA109,113,125,hydrophobic,sc-sc,
LEU97,LYS112,113,128,vdw,sc-sc,
SER98,LEU102,114,118,vdw,mc-wc,
SER98,TRP185,114,206,vdw,wc-sc,
ALA99,GLN103,115,119,hbond,mc-mc,
ALA99,TYR104,115,120,vdw,mc-mc,
ALA99,TRP185,115,206,hydrophobic,sc-sc,
ALA100,SER105,116,121,vdw,mc-mc,
ALA100,ASP106,116,122,hbond,mc-mc,
ALA101,SER105,117,121,vdw,mc-wc,
ALA101,ALA109,117,125,vdw,wc-sc,
ALA101,MET110,117,126,vdw,sc-mc,
ALA101,LEU113,117,129,hydrophobic,sc-sc,
ALA101,LYS209,117,230,vdw,mc-sc,
LEU102,TRP185,118,206,hydrophobic,sc-sc,
LEU102,ASN189,118,210,vdw,mc-sc,
LEU102,LYS209,118,230,vdw,mc-sc,
GLN103,TRP185,119,206,vdw,wc-wc,
GLN103,GLY188,119,209,vdw,wc-mc,
ASP106,THR108,122,124,hbond,sc-mc,
ASP106,ALA109,122,125,hbond,sc-mc,
ASP106,MET110,122,126,hbond,mc-mc,
ASN107,ASN111,123,127,hbond,mc-mc,
ASN107,GLU141,123,161,vdw,wc-sc,
THR108,LYS112,124,128,hbond,mc-mc,
MET110,ILE114,126,130,hbond,mc-mc,
MET110,ILE114,126,130,hydrophobic,sc-sc,
MET110,GLU141,126,161,vdw,sc-sc,
MET110,LEU144,126,164,vdw,sc-sc,
ASN111,ALA115,127,131,hbond,mc-mc,
ASN111,THR140,127,160,vdw,sc-wc,
ASN111,GLU141,127,161,hbond,sc-mc,
LYS112,GLN116,128,132,hbond,mc-mc,
LEU113,LEU117,129,133,hbond,mc-mc,
ILE114,GLY118,130,135,vdw,mc-mc,
ILE114,GLY119,130,136,hbond,mc-mc,
ILE114,PRO120,130,137,hydrophobic,sc-sc,
ILE114,VAL123,130,143,vdw,sc-sc,
LEU117,VAL123,133,143,hydrophobic,sc-sc,
GLY119,GLY122,136,139,hbond,mc-mc,
GLY119,VAL123,136,143,vdw,mc-mc,
PRO120,VAL123,137,143,hbond,mc-mc,
PRO120,THR124,137,144,hbond,mc-mc,
PRO120,LEU137,137,157,hydrophobic,sc-sc,
PRO120,ASP138,137,158,vdw,sc-mc,
PRO120,ARG139,137,159,vdw,sc-mc,
GLY121,ALA125,138,145,hbond,mc-mc,
GLY122,PHE126,139,146,hbond,mc-mc,
VAL123,ALA127,143,147,hbond,mc-mc,
VAL123,LEU137,143,157,vdw,sc-sc,
THR124,ARG128,144,148,hbond,mc-mc,
THR124,PHE135,144,155,vdw,wc-wc,
THR124,ARG136,144,156,vdw,sc-mc,
PHE126,LEU168,146,188,hydrophobic,sc-sc,
ALA127,GLY131,147,151,vdw,mc-mc,
ARG128,GLU133,148,153,saltbridge,sc-sc,
ARG128,PHE135,148,155,hbond,sc-mc,
ILE130,THR164,150,184,vdw,sc-sc,
ASP132,THR134,152,154,hbond,sc-sc,
ASP132,ALA160,152,180,vdw,sc-sc,
THR134,THR155,154,175,vdw,mc-mc,
THR134,THR157,154,177,vdw,sc-wc,
THR134,ALA160,154,180,vdw,sc-sc,
PHE135,LEU137,155,157,hydrophobic,sc-sc,
PHE135,THR155,155,175,vdw,mc-mc,
ARG136,ASP138,156,158,saltbridge,sc-sc,
ARG136,PRO152,156,172,vdw,sc-wc,
ARG136,ARG153,156,173,vdw,sc-wc,
ARG136,ASP154,156,174,vdw,wc-wc,
LEU137,ASP154,157,174,vdw,wc-wc,
ASP138,PRO152,158,172,vdw,sc-mc,
ASP138,ARG153,158,173,vdw,sc-wc,
ASP138,ASP154,158,174,hbond,sc-mc,
ASP138,ASP154,158,174,hbond,mc-sc,
ARG139,THR143,159,163,vdw,sc-wc,
ARG139,LEU144,159,164,vdw,wc-wc,
ARG139,THR146,159,166,vdw,sc-sc,
ARG139,ASP151,159,171,saltbridge,sc-sc,
ARG139,ARG153,159,173,vdw,sc-wc,
ARG139,ASP154,159,174,saltbridge,sc-sc,
ARG139,ASP154,159,174,hbond,mc-sc,
THR140,LEU144,160,164,hbond,mc-mc,
GLU141,ASN145,161,165,hbond,sc-sc,
PRO142,ASN145,162,165,hbond,mc-sc,
PRO142,ASN145,162,165,hbond,mc-mc,
THR143,THR146,163,166,hbond,mc-sc,
LEU144,ASP154,164,174,vdw,wc-sc,
ASN145,SER212,165,233,vdw,sc-mc,
ASN145,GLY213,165,235,vdw,wc-mc,
ASN145,GLY214,165,236,hbond,mc-mc,
THR146,GLY214,166,236,vdw,mc-mc,
THR146,TYR215,166,237,vdw,mc-sc,
ALA147,GLY213,167,235,vdw,sc-mc,
ALA147,GLY214,167,236,vdw,wc-mc,
ALA147,TYR215,167,237,vdw,mc-sc,
ALA147,THR217,167,239,vdw,wc-sc,
ILE148,PRO149,168,169,hydrophobic,sc-sc,
ILE148,ARG153,168,173,vdw,sc-sc,
ILE148,TYR215,168,237,vdw,wc-sc,
PRO149,TYR215,169,237,vdw,sc-sc,
ASP151,ARG153,171,173,saltbridge,sc-sc,
ASP151,ARG153,171,173,hbond,sc-mc,
ASP151,THR155,171,175,vdw,mc-sc,
PRO152,THR155,172,175,hbond,mc-sc,
THR156,ALA160,176,180,vdw,sc-sc,
THR156,MET161,176,181,vdw,sc-wc,
THR156,TYR237,176,259,vdw,wc-sc,
THR157,ALA160,177,180,hbond,sc-mc,
THR157,MET161,177,181,hbond,mc-mc,
THR157,TYR237,177,259,vdw,mc-sc,
PRO158,ALA162,178,182,hbond,mc-mc,
PRO158,VAL235,178,257,vdw,wc-sc,
PRO158,TYR237,178,259,vdw,wc-sc,
ARG159,GLN163,179,183,hbond,mc-mc,
ALA160,THR164,180,184,hbond,mc-mc,
MET161,LEU165,181,185,hbond,mc-mc,
MET161,ILE221,181,243,hydrophobic,sc-sc,
MET161,VAL235,181,257,hydrophobic,sc-sc,
MET161,TYR237,181,259,vdw,sc-sc,
ALA162,ARG166,182,186,hbond,mc-mc,
ALA162,VAL233,182,255,vdw,wc-sc,
ALA162,VAL235,182,257,hydrophobic,sc-sc,
GLN163,GLN167,183,187,hbond,mc-mc,
THR164,LEU168,184,188,hbond,mc-mc,
LEU165,THR169,185,189,hbond,mc-sc,
LEU165,THR169,185,189,hbond,mc-mc,
LEU165,ILE221,185,243,hydrophobic,sc-sc,
LEU165,ALA222,185,244,vdw,sc-mc,
LEU165,VAL233,185,255,hydrophobic,sc-sc,
ARG166,LEU170,186,190,hbond,mc-mc,
ARG166,GLY171,186,191,vdw,mc-mc,
ARG166,VAL233,186,255,vdw,wc-sc,
GLN167,GLY171,187,191,vdw,mc-mc,
GLN167,HIE172,187,192,vdw,mc-mc,
GLN167,ALA173,187,194,vdw,wc-wc,
LEU168,ALA173,188,194,hydrophobic,sc-sc,
LEU168,LEU174,188,195,vdw,wc-sc,
LEU168,ARG179,188,200,vdw,mc-sc,
LEU168,LEU182,188,203,vdw,wc-sc,
THR169,ARG179,189,200,vdw,mc-sc,
THR169,VAL183,189,204,vdw,wc-sc,
THR169,LEU186,189,207,vdw,sc-sc,
THR169,VAL223,189,245,vdw,sc-sc,
LEU170,ARG179,190,200,vdw,mc-sc,
LEU170,VAL223,190,245,hydrophobic,sc-sc,
LEU170,TRP225,190,247,vdw,sc-sc,
LEU170,PRO231,190,253,vdw,sc-sc,
GLY171,ARG179,191,200,vdw,mc-sc,
LEU174,LEU182,195,203,hydrophobic,sc-sc,
GLY175,ARG179,196,200,hbond,mc-mc,
GLU176,ARG179,197,200,saltbridge,sc-sc,
GLU176,ALA180,197,201,hbond,mc-mc,
THR177,GLN181,198,202,hbond,mc-mc,
GLN178,LEU182,199,203,hbond,mc-mc,
ARG179,VAL183,200,204,hbond,mc-mc,
ALA180,THR184,201,205,hbond,mc-sc,
GLN181,TRP185,202,206,hbond,mc-mc,
LEU182,LEU186,203,207,hbond,mc-mc,
VAL183,LYS187,204,208,hbond,mc-mc,
VAL183,TRP225,204,247,hydrophobic,sc-sc,
THR184,GLY188,205,209,hbond,mc-mc,
TRP185,ASN189,206,210,vdw,mc-wc,
LEU186,GLY207,207,228,vdw,wc-mc,
LEU186,ASP208,207,229,hbond,mc-mc,
LEU186,LYS209,207,230,vdw,sc-wc,
LEU186,VAL223,207,245,hydrophobic,sc-sc,
LYS187,THR205,208,226,vdw,sc-sc,
LYS187,ALA206,208,227,vdw,wc-mc,
LYS187,GLY207,208,228,vdw,mc-mc,
LYS187,TRP225,208,247,cationpi,sc-sc,
ASN189,THR191,210,212,hbond,sc-sc,
ASN189,ARG197,210,218,vdw,wc-sc,
ASN189,ASP208,210,229,hbond,sc-sc,
GLY192,SER195,213,216,hbond,mc-mc,
GLY192,ILE196,213,217,vdw,mc-mc,
GLY192,ASP208,213,229,vdw,mc-sc,
GLY192,THR210,213,231,vdw,mc-sc,
GLY192,ASH220,213,242,vdw,mc-sc,
ALA193,ALA198,214,219,vdw,mc-wc,
ALA194,ALA198,215,219,vdw,mc-sc,
ALA194,ARG249,215,272,vdw,wc-wc,
SER195,ALA198,216,219,hbond,mc-mc,
SER195,GLY199,216,220,vdw,mc-mc,
SER195,THR210,216,231,vdw,sc-sc,
SER195,ASH220,216,242,vdw,wc-sc,
SER195,LEU252,216,275,vdw,sc-sc,
SER195,ALA253,216,276,vdw,mc-wc,
ILE196,LEU200,217,221,hbond,mc-mc,
ILE196,ASP208,217,229,vdw,sc-sc,
ILE196,ASH220,217,242,vdw,wc-wc,
ILE196,ILE221,217,243,vdw,sc-mc,
ILE196,ALA222,217,244,hydrophobic,sc-sc,
ILE196,LEU234,217,256,vdw,sc-wc,
ILE196,THR236,217,258,vdw,sc-sc,
ILE196,ALA253,217,276,vdw,mc-mc,
ILE196,ALA256,217,279,vdw,wc-sc,
ARG197,ALA206,218,227,vdw,sc-wc,
ARG197,GLY207,218,228,vdw,sc-mc,
ARG197,ASP208,218,229,saltbridge,sc-sc,
ALA198,ALA253,219,276,vdw,sc-sc,
GLY199,ARG257,220,280,vdw,mc-wc,
GLY199,ALA260,220,283,vdw,mc-sc,
LEU200,PRO201,221,222,hydrophobic,sc-sc,
LEU200,TRP204,221,225,vdw,sc-sc,
LEU200,ALA206,221,227,vdw,sc-sc,
LEU200,ILE224,221,246,hydrophobic,sc-sc,
PRO201,TRP204,222,225,hbond,mc-mc,
PRO201,TRP204,222,225,hydrophobic,sc-sc,
SER203,GLN227,224,249,vdw,wc-sc,
TRP204,ILE224,225,246,hydrophobic,sc-sc,
TRP204,TRP225,225,247,vdw,wc-mc,
TRP204,PRO226,225,248,hydrophobic,sc-sc,
TRP204,GLN227,225,249,vdw,sc-wc,
TRP204,LEU263,225,286,vdw,sc-sc,
THR205,ILE224,226,246,vdw,mc-wc,
THR205,TRP225,226,247,hbond,mc-mc,
ALA206,VAL223,227,245,vdw,wc-mc,
ALA206,TRP225,227,247,vdw,mc-sc,
GLY207,ILE221,228,243,vdw,mc-mc,
GLY207,ALA222,228,244,vdw,mc-wc,
GLY207,VAL223,228,245,hbond,mc-mc,
GLY207,TRP225,228,247,vdw,mc-sc,
ASP208,ASH220,229,242,vdw,wc-sc,
ASP208,ILE221,229,243,vdw,wc-mc,
ASP208,ALA222,229,244,vdw,wc-wc,
LYS209,ILE221,230,243,hbond,mc-mc,
THR210,ASN219,231,241,vdw,wc-mc,
THR210,ASH220,231,242,vdw,wc-wc,
GLY211,THR218,232,240,vdw,mc-wc,
GLY211,ASN219,232,241,hbond,mc-mc,
SER212,THR217,233,239,vdw,wc-mc,
SER212,ASN219,233,241,vdw,mc-sc,
GLY213,THR217,235,239,hbond,mc-mc,
GLY214,THR217,236,239,hbond,mc-sc,
GLY214,THR217,236,239,hbond,mc-mc,
GLY214,GLN243,236,266,vdw,mc-mc,
TYR215,THR239,237,261,vdw,wc-wc,
TYR215,GLN240,237,262,hbond,mc-mc,
TYR215,GLN242,237,265,vdw,wc-mc,
GLY216,PHE238,238,260,vdw,mc-wc,
GLY216,THR239,238,261,vdw,mc-mc,
GLY216,GLN240,238,262,vdw,mc-wc,
GLY216,GLN242,238,265,vdw,mc-mc,
GLY216,ALA245,238,268,vdw,mc-wc,
GLY216,GLU246,238,269,vdw,mc-mc,
GLY216,SER247,238,270,vdw,mc-wc,
GLY216,ARG248,238,271,vdw,mc-mc,
THR217,PHE238,239,260,vdw,wc-mc,
THR217,THR239,239,261,hbond,sc-sc,
THR218,THR236,240,258,vdw,mc-mc,
THR218,TYR237,240,259,vdw,mc-wc,
THR218,PHE238,240,260,hbond,mc-mc,
THR218,SER247,240,270,vdw,sc-wc,
THR218,ARG248,240,271,vdw,sc-mc,
THR218,ARG249,240,272,vdw,sc-wc,
THR218,LEU252,240,275,vdw,wc-sc,
ASN219,THR236,241,258,vdw,wc-mc,
ASN219,LEU252,241,275,vdw,mc-sc,
ASH220,LEU234,242,256,vdw,mc-mc,
ASH220,VAL235,242,257,vdw,mc-mc,
ASH220,THR236,242,258,hbond,mc-mc,
ASH220,THR236,242,258,hbond,mc-sc,
ASH220,LEU252,242,275,vdw,wc-sc,
ILE221,LEU234,243,256,vdw,wc-mc,
ILE221,VAL235,243,257,hydrophobic,sc-sc,
ALA222,LEU232,244,254,vdw,mc-mc,
ALA222,VAL233,244,255,vdw,mc-wc,
ALA222,LEU234,244,256,hbond,mc-mc,
VAL223,TRP225,245,247,hydrophobic,sc-sc,
VAL223,LEU232,245,254,vdw,wc-mc,
ILE224,PRO231,246,253,vdw,mc-wc,
ILE224,LEU232,246,254,hbond,mc-mc,
ILE224,LEU234,246,256,vdw,sc-sc,
TRP225,PRO231,247,253,hydrophobic,sc-sc,
PRO226,ALA230,248,252,vdw,sc-mc,
PRO226,LEU232,248,254,hydrophobic,sc-sc,
ARG229,ALA230,251,252,hbond,sc-mc,
ARG229,LEU263,251,286,vdw,sc-sc,
ALA230,PRO231,252,253,hydrophobic,sc-sc,
LEU232,LEU263,254,286,vdw,sc-sc,
LEU234,ILE259,256,282,vdw,sc-sc,
THR236,LEU252,258,275,vdw,wc-wc,
THR236,ALA255,258,278,vdw,sc-sc,
TYR237,LEU252,259,275,vdw,mc-sc,
PHE238,ARG248,260,271,vdw,sc-sc,
PHE238,VAL251,260,274,vdw,sc-sc,
PHE238,LEU252,260,275,hydrophobic,sc-sc,
GLN240,ALA245,262,268,vdw,sc-sc,
GLN240,GLU246,262,269,vdw,sc-mc,
ARG248,ASP250,271,273,saltbridge,sc-sc,
ARG248,LEU252,271,275,vdw,mc-wc,
ARG249,ALA253,272,276,hbond,mc-mc,
ASP250,SER254,273,277,hbond,mc-sc,
ASP250,SER254,273,277,hbond,mc-mc,
LEU252,ALA256,275,279,hbond,mc-mc,
ALA253,ARG257,276,280,hbond,mc-mc,
SER254,ILE258,277,281,hbond,mc-mc,
ALA255,ILE259,278,282,hbond,mc-mc,
ALA256,ALA260,279,283,hbond,mc-mc,
ARG257,GLU261,280,284,hbond,mc-mc,
ILE258,GLY262,281,285,vdw,mc-mc,
ILE259,GLY262,282,285,hbond,mc-mc,
VAL5,VAL33,12,42,vdw,sc-sc,
LEU9,ALA255,18,278,hydrophobic,sc-sc,
LEU9,ILE258,18,281,hydrophobic,sc-sc,
ALA10,LYS14,19,23,hbond,mc-mc,
ALA11,SER15,20,24,hbond,mc-sc,
GLU13,GLY17,22,26,vdw,mc-mc,
SER16,ARG248,25,271,vdw,wc-sc,
SER16,VAL251,25,274,vdw,sc-sc,
LEU20,TYR35,29,44,vdw,mc-wc,
LEU20,PHE238,29,260,vdw,wc-sc,
LEU20,ALA255,29,278,vdw,sc-sc,
GLY21,ARG36,30,45,vdw,mc-sc,
VAL22,VAL33,31,42,vdw,mc-mc,
VAL22,THR236,31,258,vdw,sc-sc,
VAL22,ILE259,31,282,hydrophobic,sc-sc,
LEU24,VAL33,33,42,hydrophobic,sc-sc,
LEU24,LEU232,33,254,vdw,sc-sc,
LEU24,LEU234,33,256,vdw,wc-wc,
LEU24,LEU263,33,286,hydrophobic,sc-sc,
ILE25,ASN30,34,39,vdw,sc-mc,
ILE25,GLN32,34,41,vdw,sc-sc,
ILE25,PRO231,34,253,vdw,mc-mc,
ASP26,ASP29,35,38,hbond,mc-mc,
ASP26,ASN30,35,39,vdw,mc-wc,
THR27,ALA230,36,252,vdw,wc-wc,
VAL33,ILE259,42,282,hydrophobic,sc-sc,
ARG36,GLU39,45,48,hbond,mc-mc,
PHE41,ASP154,50,174,vdw,mc-mc,
PRO42,ASP154,51,174,vdw,wc-mc,
MET43,LEU137,52,157,hydrophobic,sc-sc,
MET43,ASP154,52,174,hbond,mc-mc,
MET43,THR155,52,175,vdw,wc-mc,
MET43,TYR237,52,259,vdw,wc-sc,
CYS44,LEU144,53,164,vdw,mc-sc,
CYS44,GLY211,53,232,vdw,sc-mc,
CYS44,ASN219,53,241,vdw,wc-sc,
THR46,GLY211,55,232,vdw,wc-mc,
THR46,ASN219,55,241,vdw,sc-wc,
THR46,ASH220,55,242,vdw,sc-mc,
THR46,ILE221,55,243,vdw,wc-wc,
THR46,TYR237,55,259,vdw,sc-sc,
LYS48,SER105,57,121,vdw,sc-mc,
LYS48,ASN107,57,123,vdw,sc-wc,
VAL49,LEU165,58,185,hydrophobic,sc-sc,
VAL49,LEU182,58,203,vdw,wc-sc,
VAL49,LEU186,58,207,hydrophobic,sc-sc,
MET50,PHE126,59,146,hydrophobic,sc-sc,
MET50,ALA127,59,147,hydrophobic,sc-sc,
MET50,ILE130,59,150,vdw,sc-sc,
ALA51,MET110,60,126,hydrophobic,sc-sc,
ALA52,SER98,61,114,vdw,wc-wc,
ALA53,LEU174,62,195,vdw,mc-sc,
ALA53,LEU182,62,203,vdw,sc-sc,
VAL55,GLN116,64,132,vdw,sc-sc,
LEU56,SER59,65,68,hbond,mc-mc,
GLN58,GLN116,67,132,hbond,sc-sc,
LEU66,LEU94,76,110,vdw,mc-wc,
ASN67,THR93,77,109,vdw,mc-sc,
VAL70,GLY90,80,105,vdw,mc-mc,
VAL70,LEU94,80,110,hydrophobic,sc-sc,
VAL70,LEU97,80,113,vdw,sc-sc,
ILE72,ASN89,82,104,vdw,mc-mc,
ILE72,MET92,82,108,vdw,sc-sc,
PRO74,ASN89,89,104,vdw,sc-sc,
VAL78,ASN81,93,96,hbond,mc-sc,
ASN79,PRO142,94,162,vdw,sc-sc,
TYR80,TYR104,95,120,vdw,sc-mc,
TYR80,SER105,95,121,vdw,wc-wc,
TYR80,ASP106,95,122,vdw,mc-wc,
PRO82,TYR104,97,120,vdw,sc-mc,
PRO82,ASP106,97,122,vdw,wc-wc,
ILE83,LYS86,98,101,hbond,mc-mc,
ALA84,MET92,99,108,vdw,mc-sc,
ALA84,THR108,99,124,vdw,sc-sc,
MET92,ALA100,108,116,vdw,sc-sc,
LEU94,LEU97,110,113,hydrophobic,sc-sc,
LEU97,LEU113,113,129,vdw,wc-sc,
SER98,LEU102,114,118,hbond,mc-mc,
SER98,LEU113,114,129,vdw,wc-sc,
ALA100,TYR104,116,120,vdw,mc-wc,
ALA100,ALA109,116,125,hydrophobic,sc-sc,
ALA101,ASP106,117,122,vdw,wc-wc,
LEU102,LEU182,118,203,hydrophobic,sc-sc,
LEU102,LEU186,118,207,hydrophobic,sc-sc,
LEU102,LYS209,118,230,vdw,wc-sc,
GLN103,ASN189,119,210,vdw,wc-wc,
SER105,LYS209,121,230,hbond,sc-sc,
ALA109,LEU113,125,129,hbond,mc-mc,
ILE114,GLY119,130,136,vdw,wc-mc,
ILE114,ARG139,130,159,vdw,sc-mc,
ILE114,THR140,130,160,vdw,sc-wc,
ALA115,GLY118,131,135,hbond,mc-mc,
LEU117,GLY122,133,139,vdw,wc-mc,
GLY119,VAL123,136,143,hbond,mc-mc,
PRO120,THR124,137,144,hbond,mc-sc,
PRO120,LEU137,137,157,vdw,wc-wc,
GLY121,LEU137,138,157,vdw,mc-mc,
VAL123,LEU137,143,157,hydrophobic,sc-sc,
THR124,ARG136,144,156,vdw,sc-wc,
THR124,LEU137,144,157,hbond,sc-mc,
PHE126,LEU168,146,188,vdw,sc-sc,
ALA127,PHE135,147,155,hydrophobic,sc-sc,
ILE130,THR164,150,184,vdw,sc-wc,
ILE130,GLN167,150,187,vdw,sc-sc,
ILE130,LEU168,150,188,hydrophobic,sc-sc,
ILE130,ALA173,150,194,vdw,sc-sc,
ASP132,THR134,152,154,hbond,sc-mc,
PHE135,THR156,155,176,vdw,wc-sc,
PHE135,MET161,155,181,hydrophobic,sc-sc,
ARG136,ASP154,156,174,vdw,wc-mc,
ARG136,THR155,156,175,hbond,mc-mc,
THR143,ASP154,163,174,vdw,mc-sc,
ALA147,THR217,167,239,vdw,sc-sc,
ALA160,THR164,180,184,hbond,mc-sc,
MET161,VAL235,181,257,vdw,wc-sc,
ALA162,VAL233,182,255,vdw,mc-sc,
LEU165,LEU170,185,190,vdw,mc-mc,
LEU165,VAL233,185,255,vdw,sc-sc,
ARG166,GLY171,186,191,hbond,mc-mc,
GLN167,GLY171,187,191,vdw,wc-mc,
GLN167,HIE172,187,192,vdw,wc-wc,
GLN167,ALA173,187,194,hbond,mc-mc,
LEU170,PRO231,190,253,hydrophobic,sc-sc,
LEU170,VAL233,190,255,hydrophobic,sc-sc,
LEU174,ARG179,195,200,hbond,mc-sc,
LEU174,LEU182,195,203,vdw,sc-sc,
ALA180,THR184,201,205,hbond,mc-mc,
THR184,GLY188,205,209,vdw,mc-mc,
LEU186,ASN189,207,210,hbond,mc-mc,
LEU186,ASP208,207,229,vdw,wc-mc,
LEU186,VAL223,207,245,vdw,sc-sc,
ASN189,THR191,210,212,hbond,sc-mc,
ASN189,ARG197,210,218,vdw,mc-sc,
ASN189,ASP208,210,229,hbond,sc-mc,
ASN189,LYS209,210,230,vdw,sc-wc,
ALA194,ASP250,215,273,vdw,mc-mc,
ALA194,ALA253,215,276,vdw,mc-sc,
SER195,ASH220,216,242,vdw,sc-sc,
SER195,ARG249,216,272,vdw,wc-wc,
ILE196,GLY199,217,220,hbond,mc-mc,
ILE196,LEU234,217,256,hydrophobic,sc-sc,
ILE196,THR236,217,258,vdw,sc-wc,
ILE196,ALA256,217,279,hydrophobic,sc-sc,
ALA198,ALA253,219,276,hydrophobic,sc-sc,
GLY199,ALA256,220,279,vdw,mc-wc,
LEU200,TRP204,221,225,hydrophobic,sc-sc,
LEU200,ALA206,221,227,hydrophobic,sc-sc,
PRO201,ALA260,222,283,vdw,sc-sc,
TRP204,GLN227,225,249,vdw,sc-mc,
TRP204,LEU232,225,254,hydrophobic,sc-sc,
TRP204,ALA260,225,283,vdw,sc-wc,
THR205,VAL223,226,245,vdw,mc-mc,
LYS209,THR210,230,231,hbond,sc-mc,
LYS209,ASH220,230,242,vdw,mc-wc,
TYR215,PRO241,237,263,vdw,sc-mc,
GLY216,THR218,238,240,hbond,mc-sc,
THR217,SER247,239,270,vdw,mc-sc,
THR218,ARG248,240,271,hbond,sc-mc,
ASN219,TYR237,241,259,vdw,wc-wc,
ASH220,VAL235,242,257,vdw,mc-wc,
ILE221,TYR237,243,259,vdw,sc-sc,
PRO226,PRO231,248,253,vdw,sc-mc,
LEU232,LEU263,254,286,hydrophobic,sc-sc,
LEU234,ALA256,256,279,vdw,sc-wc,
PHE238,VAL251,260,274,hydrophobic,sc-sc,
GLN242,ALA245,265,268,hbond,mc-mc,
VAL251,ALA255,274,278,hbond,mc-mc,
ALA260,LEU263,283,286,hbond,mc-mc,
VAL5,ILE258,12,281,vdw,wc-wc,
VAL5,ILE259,12,282,vdw,sc-wc,
VAL5,GLY262,12,285,vdw,sc-mc,
GLN6,VAL33,13,42,vdw,sc-sc,
GLN6,TYR35,13,44,vdw,wc-sc,
LYS8,GLU261,15,284,saltbridge,sc-sc,
LEU9,VAL22,18,31,vdw,sc-sc,
LEU9,ILE259,18,282,vdw,sc-sc,
LEU12,ALA255,21,278,hydrophobic,sc-sc,
GLY18,GLN240,27,262,vdw,mc-wc,
LEU20,PHE238,29,260,hydrophobic,sc-sc,
GLY21,THR236,30,258,vdw,mc-mc,
ILE25,ALA162,34,182,vdw,sc-wc,
ALA28,ARG229,37,251,vdw,sc-sc,
ASN30,ARG166,39,186,vdw,sc-sc,
ARG40,THR156,49,176,vdw,wc-mc,
ARG40,THR157,49,177,vdw,wc-sc,
PHE41,PRO158,50,178,vdw,sc-sc,
MET43,SER47,52,56,vdw,wc-wc,
SER45,LEU144,54,164,vdw,mc-sc,
SER45,ASN145,54,165,vdw,wc-sc,
THR46,ILE221,55,243,vdw,wc-sc,
LYS48,LEU102,57,118,vdw,wc-sc,
MET50,VAL123,59,143,vdw,wc-sc,
ALA51,LEU113,60,129,hydrophobic,sc-sc,
ALA52,LEU113,61,129,vdw,wc-sc,
ALA53,PHE126,62,146,hydrophobic,sc-sc,
ALA54,LEU117,63,133,hydrophobic,sc-sc,
VAL55,LEU66,64,76,hydrophobic,sc-sc,
LEU56,LEU66,65,76,hydrophobic,sc-sc,
LEU56,LEU174,65,195,vdw,sc-sc,
LYS57,ALA173,66,194,vdw,sc-mc,
GLN58,GLN116,67,132,hbond,sc-mc,
SER59,GLN62,68,71,hbond,mc-mc,
SER59,LYS63,68,73,vdw,mc-wc,
SER59,LEU65,68,75,vdw,wc-sc,
GLN64,GLN68,74,78,vdw,mc-mc,
PRO69,MET92,79,108,vdw,mc-mc,
GLU71,LYS73,81,83,saltbridge,sc-sc,
GLU71,LYS112,81,128,hbond,mc-sc,
ILE72,HID87,82,102,vdw,wc-mc,
ILE72,LYS112,82,128,vdw,sc-sc,
PRO74,LEU77,89,92,hbond,mc-mc,
LEU77,ALA84,92,99,hydrophobic,sc-sc,
LEU77,GLU85,92,100,vdw,sc-mc,
VAL78,THR108,93,124,hbond,mc-sc,
TYR80,THR108,95,124,vdw,mc-mc,
ASN81,ASP106,96,122,vdw,wc-sc,
ASN81,ASN107,96,123,vdw,mc-mc,
THR93,GLU96,109,112,hbond,sc-mc,
LEU94,LEU113,110,129,vdw,mc-sc,
ALA101,SER105,117,121,vdw,mc-mc,
ALA101,LEU113,117,129,vdw,sc-sc,
LEU102,LEU182,118,203,vdw,sc-sc,
GLN103,THR184,119,205,vdw,sc-mc,
GLN103,GLY188,119,209,vdw,sc-mc,
LEU113,LEU117,129,133,vdw,mc-wc,
ILE114,LEU137,130,157,vdw,sc-sc,
PRO120,THR140,137,160,vdw,sc-wc,
GLY122,PHE126,139,146,vdw,mc-wc,
ALA125,ALA129,145,149,vdw,mc-wc,
PHE126,ILE130,146,150,hydrophobic,sc-sc,
ARG128,GLY131,148,151,hbond,mc-mc,
ARG128,ASP132,148,152,vdw,wc-mc,
ILE130,LEU168,150,188,vdw,sc-sc,
ILE130,ALA173,150,194,hydrophobic,sc-sc,
PHE135,MET161,155,181,vdw,sc-sc,
THR143,THR146,163,166,hbond,mc-mc,
ILE148,ASP151,168,171,hbond,mc-mc,
THR156,MET161,176,181,vdw,sc-sc,
ALA162,VAL235,182,257,vdw,wc-sc,
GLN163,ARG166,183,186,hbond,sc-sc,
LEU165,LEU186,185,207,vdw,sc-sc,
LEU168,ALA173,188,194,vdw,wc-sc,
LEU168,LEU174,188,195,hydrophobic,sc-sc,
LEU168,ARG179,188,200,vdw,mc-wc,
THR169,LEU182,189,203,vdw,sc-sc,
HIE172,ARG179,192,200,vdw,mc-sc,
LEU174,ARG179,195,200,vdw,wc-wc,
LYS187,GLY207,208,228,vdw,wc-mc,
SER195,LEU252,216,275,vdw,wc-wc,
ILE196,LEU200,217,221,hydrophobic,sc-sc,
ILE196,ASH220,217,242,hbond,mc-sc,
GLY199,ALA253,220,276,vdw,mc-wc,
LEU200,LEU234,221,256,vdw,sc-sc,
TRP204,LEU263,225,286,hydrophobic,sc-sc,
ALA206,ILE224,227,246,hydrophobic,sc-sc,
LYS209,ASN219,230,241,vdw,mc-mc,
SER212,SER247,233,270,vdw,sc-sc,
GLY216,GLN243,238,266,vdw,mc-mc,
GLY216,SER247,238,270,vdw,mc-mc,
ASN219,THR236,241,258,vdw,mc-mc,
ASH220,TYR237,242,259,vdw,mc-sc,
ILE221,LEU234,243,256,vdw,mc-mc,
VAL223,VAL233,245,255,vdw,wc-wc,
ILE224,LEU234,246,256,hydrophobic,sc-sc,
ARG248,VAL251,271,274,hbond,mc-mc,
ILE259,LEU263,282,286,vdw,mc-wc,
LEU12,ILE258,21,281,vdw,sc-sc,
LYS14,GLY17,23,26,hbond,mc-mc,
LEU20,VAL251,29,274,vdw,sc-sc,
VAL22,ILE259,31,282,vdw,sc-sc,
ALA23,PRO158,32,178,hydrophobic,sc-sc,
ALA28,ALA230,37,252,hydrophobic,sc-sc,
ARG40,THR157,49,177,vdw,wc-wc,
PHE41,PHE238,50,260,vdw,sc-mc,
MET43,MET161,52,181,hydrophobic,sc-sc,
MET43,TYR237,52,259,vdw,sc-sc,
SER47,MET50,56,59,hbond,mc-mc,
VAL49,LEU102,58,118,vdw,wc-sc,
VAL49,LEU186,58,207,vdw,sc-sc,
VAL49,ILE221,58,243,hydrophobic,sc-sc,
MET50,MET161,59,181,vdw,sc-sc,
ALA51,VAL123,60,143,vdw,mc-sc,
ALA52,LEU102,61,118,vdw,sc-sc,
LEU56,TRP185,65,206,hydrophobic,sc-sc,
SER59,LEU66,68,76,vdw,sc-wc,
GLU60,GLN178,69,199,vdw,wc-sc,
GLN62,GLN64,71,74,hbond,sc-sc,
LYS63,LEU66,73,76,hbond,mc-mc,
LYS63,ASN67,73,77,vdw,mc-wc,
PRO69,THR93,79,109,vdw,mc-wc,
VAL70,LEU94,80,110,vdw,sc-sc,
VAL78,PRO142,93,162,vdw,sc-sc,
GLU85,VAL88,100,103,hbond,mc-mc,
ALA99,TYR104,115,120,vdw,mc-wc,
ALA101,ALA109,117,125,vdw,wc-wc,
SER105,LYS209,121,230,vdw,wc-sc,
ALA125,ALA129,145,149,hbond,mc-mc,
ALA127,GLY131,147,151,hbond,mc-mc,
LEU137,LEU144,157,164,vdw,sc-sc,
GLN167,LEU174,187,195,vdw,mc-mc,
LEU168,LEU182,188,203,hydrophobic,sc-sc,
LEU170,VAL223,190,245,vdw,sc-sc,
LEU170,VAL233,190,255,vdw,sc-sc,
LEU182,LEU186,203,207,hydrophobic,sc-sc,
ALA193,ARG197,214,218,vdw,mc-wc,
LEU200,ALA260,221,283,vdw,sc-sc,
ALA206,ILE224,227,246,vdw,wc-wc,
SER212,THR218,233,240,vdw,wc-wc,
TYR215,ALA245,237,268,vdw,mc-sc,
VAL223,VAL233,245,255,vdw,sc-sc,
LEU234,ILE259,256,282,hydrophobic,sc-sc,
ARG257,GLU261,280,284,vdw,mc-wc,
ILE258,GLU261,281,284,hbond,mc-mc,
THR27,ARG166,36,186,vdw,sc-sc,
PRO42,THR155,51,175,vdw,mc-wc,
MET43,THR46,52,55,hbond,mc-mc,
CYS44,ASN145,53,165,vdw,wc-sc,
LYS48,ALA101,57,117,vdw,sc-mc,
VAL55,SER59,64,68,hbond,mc-sc,
VAL55,LEU117,64,133,vdw,wc-sc,
LEU56,LEU182,65,203,hydrophobic,sc-sc,
LEU65,LEU94,75,110,hydrophobic,sc-sc,
ILE72,ASP76,82,91,vdw,mc-sc,
ILE72,THR91,82,106,vdw,sc-mc,
LEU77,VAL88,92,103,vdw,sc-sc,
VAL78,GLU141,93,161,vdw,sc-mc,
LEU94,LEU113,110,129,vdw,wc-sc,
LEU102,LEU186,118,207,vdw,sc-wc,
MET110,LEU137,126,157,vdw,sc-sc,
MET110,LEU144,126,164,hydrophobic,sc-sc,
LEU117,GLY122,133,139,vdw,mc-mc,
GLY118,GLY122,135,139,vdw,mc-mc,
LEU174,GLN178,195,199,vdw,sc-wc,
LEU200,ALA256,221,279,vdw,sc-wc,
PRO201,ALA260,222,283,hydrophobic,sc-sc,
TRP204,ALA260,225,283,hydrophobic,sc-sc,
TYR215,GLN243,237,266,vdw,wc-wc,
THR217,THR239,239,261,vdw,wc-wc,
GLN242,ASN244,265,267,hbond,sc-mc,
ILE258,GLY262,281,285,hbond,mc-mc,
ALA23,VAL33,32,42,vdw,mc-mc,
ALA23,ALA162,32,182,vdw,wc-sc,
ASP26,ASN30,35,39,vdw,mc-mc,
LEU34,ARG159,43,179,vdw,sc-wc,
PRO42,TYR237,51,259,vdw,mc-sc,
MET43,ASN219,52,241,hbond,mc-sc,
ALA53,LEU168,62,188,vdw,sc-sc,
ALA53,LEU182,62,203,hydrophobic,sc-sc,
LYS57,GLN178,66,199,vdw,mc-sc,
GLU71,THR91,81,106,vdw,wc-wc,
TYR80,SER105,95,121,vdw,sc-wc,
PRO82,LYS86,97,101,vdw,mc-sc,
LEU97,ALA109,113,125,vdw,wc-wc,
LEU97,LEU113,113,129,hydrophobic,sc-sc,
ALA101,ALA109,117,125,vdw,mc-sc,
ILE114,THR140,130,160,vdw,sc-sc,
THR134,THR156,154,176,vdw,wc-wc,
THR156,TYR237,176,259,vdw,sc-sc,
MET161,ILE221,181,243,vdw,sc-sc,
GLN167,HIE172,187,192,hbond,sc-mc,
GLY216,PHE238,238,260,vdw,mc-mc,
THR218,TYR237,240,259,vdw,mc-mc,
ALA222,ILE224,244,246,hydrophobic,sc-sc,
GLN240,GLU246,262,269,hbond,sc-mc,
GLN6,LEU34,13,43,vdw,sc-mc,
LEU9,LEU20,18,29,hydrophobic,sc-sc,
LEU12,LEU20,21,29,vdw,sc-sc,
LEU24,LEU263,33,286,vdw,sc-sc,
ASP26,LEU263,35,286,vdw,sc-sc,
ARG36,PHE41,45,50,vdw,mc-sc,
ALA51,VAL55,60,64,hbond,mc-mc,
GLN58,THR61,67,70,hbond,mc-mc,
VAL78,TYR80,93,95,hbond,mc-mc,
ASN79,ASN107,94,123,vdw,sc-sc,
TYR80,ASN107,95,123,hbond,mc-sc,
HID87,GLY90,102,105,hbond,mc-mc,
HID87,GLU96,102,112,vdw,sc-sc,
MET92,ALA100,108,116,hydrophobic,sc-sc,
ALA101,ASP106,117,122,vdw,wc-mc,
ARG128,ARG136,148,156,vdw,sc-sc,
PHE135,THR155,155,175,vdw,wc-mc,
ALA147,GLY214,167,236,vdw,sc-mc,
ARG197,LEU200,218,221,hbond,mc-mc,
TRP204,LEU232,225,254,vdw,sc-sc,
GLY211,THR217,232,239,vdw,mc-mc,
GLY211,THR218,232,240,vdw,mc-mc,
THR218,SER247,240,270,hbond,sc-sc,
VAL223,VAL233,245,255,hydrophobic,sc-sc,
LEU234,ALA256,256,279,hydrophobic,sc-sc,
GLN240,ALA245,262,268,vdw,sc-wc,
GLN240,GLU246,262,269,hbond,sc-sc,
GLN240,ARG248,262,271,vdw,sc-sc,
VAL5,ILE258,12,281,hydrophobic,sc-sc,
LEU20,VAL251,29,274,hydrophobic,sc-sc,
PRO42,THR217,51,239,vdw,sc-sc,
ALA53,LEU182,62,203,vdw,wc-sc,
LEU56,LEU174,65,195,hydrophobic,sc-sc,
ILE72,ALA84,82,99,vdw,sc-mc,
LYS73,LEU77,83,92,vdw,mc-mc,
PRO82,TYR104,97,120,vdw,sc-wc,
MET92,GLU96,108,112,vdw,wc-wc,
THR93,GLU96,109,112,hbond,mc-sc,
THR93,GLU96,109,112,hbond,sc-sc,
ALA100,TYR104,116,120,hbond,mc-mc,
SER105,ASN189,121,210,vdw,sc-sc,
VAL123,PHE135,143,155,hydrophobic,sc-sc,
ALA198,ALA253,219,276,vdw,wc-sc,
PRO42,ASN219,51,241,vdw,mc-sc,
GLN58,LEU117,67,133,vdw,sc-wc,
PRO74,VAL88,89,103,vdw,wc-sc,
ALA99,TRP185,115,206,vdw,wc-sc,
GLN103,TRP185,119,206,vdw,sc-wc,
VAL123,PHE135,143,155,vdw,wc-sc,
LEU165,ILE221,185,243,vdw,sc-wc,
LEU165,VAL223,185,245,vdw,sc-mc,
GLY216,GLN240,238,262,vdw,mc-sc,
GLY216,ALA245,238,268,vdw,mc-mc,
LEU56,GLN178,65,199,hbond,mc-sc,
ILE72,LEU77,82,92,hydrophobic,sc-sc,
ALA101,MET110,117,126,vdw,sc-wc,
ALA115,GLY119,131,136,vdw,mc-mc,
PRO120,THR140,137,160,vdw,sc-mc,
ILE196,ALA222,217,244,vdw,sc-sc,
SER212,THR217,233,239,hbond,sc-mc,
PHE238,ARG248,260,271,vdw,sc-wc,
ARG40,THR134,49,154,vdw,sc-wc,
PRO69,THR91,79,106,vdw,sc-sc,
ARG128,THR134,148,154,vdw,sc-mc,
THR169,VAL233,189,255,vdw,sc-sc,
VAL49,LEU182,58,203,vdw,mc-sc,
VAL55,LEU94,64,110,hydrophobic,sc-sc,
THR191,ASP208,212,229,vdw,mc-sc,
ALA198,ARG257,219,280,vdw,mc-sc,
CYS44,ALA147,53,167,vdw,sc-sc,
LEU66,SER98,76,114,vdw,sc-sc,
ASN79,ASN107,94,123,vdw,wc-sc,
ILE114,VAL123,130,143,hydrophobic,sc-sc,
GLY119,VAL123,136,143,vdw,mc-wc,
GLN167,HIE172,187,192,hbond,sc-sc,
THR169,ARG179,189,200,hbond,mc-sc,
LEU170,LEU232,190,254,vdw,sc-mc,
SER203,GLN227,224,249,hbond,mc-sc,
THR27,LEU232,36,254,vdw,sc-mc,
GLN103,ASN189,119,210,vdw,mc-wc,
ALA193,ARG197,214,218,vdw,wc-wc,
TYR35,PRO158,44,178,vdw,mc-sc,
VAL55,LEU66,64,76,vdw,sc-sc,
GLN62,LEU66,71,76,vdw,mc-mc,
LEU65,LEU94,75,110,vdw,mc-sc,
LEU165,LEU234,185,256,vdw,sc-mc,
SER59,LEU65,68,75,vdw,wc-wc,
PHE126,ILE130,146,150,hbond,mc-mc,
ARG128,GLU133,148,153,vdw,sc-wc,
ILE259,LEU263,282,286,vdw,mc-sc,
SER105,THR191,121,212,vdw,sc-sc,
LEU20,THR236,29,258,vdw,sc-sc,
ILE25,ASN30,34,39,vdw,sc-wc,
ARG229,LEU263,251,286,saltbridge,sc-mc,
ARG40,THR134,49,154,hbond,sc-mc,
SER59,GLN178,68,199,vdw,mc-sc,
GLY214,GLN243,236,266,vdw,mc-sc,
VAL70,GLN116,80,132,vdw,sc-sc,
TYR215,GLN243,237,266,hbond,mc-sc,
ALA95,TRP185,111,206,vdw,wc-sc,
ARG19,PHE41,28,50,vdw,wc-sc,
ARG40,THR155,49,175,vdw,sc-sc,
VAL78,ASN107,93,123,hbond,mc-sc,
ARG128,GLU133,148,153,vdw,sc-mc,
SER45,GLU141,54,161,hbond,sc-sc,
TYR80,THR191,95,212,vdw,sc-sc,
LEU102,ASN189,118,210,vdw,mc-wc,
SER45,LYS209,54,230,vdw,mc-sc,
GLN32,ARG159,41,179,vdw,sc-sc,
THR191,LYS209,212,230,vdw,sc-sc,
TYR104,THR191,120,212,vdw,mc-sc,
GLN103,THR190,119,211,hbond,mc-mc,
GLN103,THR190,119,211,hbond,mc-sc,
TYR104,THR190,120,211,vdw,wc-sc,
SER45,ASN145,54,165,hbond,mc-sc,
ASN81,THR108,96,124,hbond,sc-sc,
ALA127,ASP132,147,152,hbond,mc-mc,
ASP132,ALA160,152,180,vdw,sc-wc,
ASP132,THR156,152,176,vdw,sc-sc,
ASP132,PHE135,152,155,hbond,sc-mc,
ASP132,THR164,152,184,vdw,sc-sc,
PRO42,THR156,51,176,vdw,mc-sc,
MET43,THR156,52,176,vdw,wc-sc,
SER195,THR210,216,231,hbond,sc-sc,
THR210,ARG249,231,272,vdw,sc-sc,
PHE135,THR156,155,176,vdw,mc-sc,
GLY192,ARG249,213,272,vdw,mc-sc,
ARG128,ASP132,148,152,hbond,sc-mc,
THR156,TYR237,176,259,hbond,sc-sc,
GLY192,ARG197,213,218,vdw,mc-sc,
