Res1_msa,Res2_msa,Res1_pdb,Res2_pdb,struc_int_type,struc_loc,common_int_type,common_loc,conservation
5,11,1,4,hbond,mc-mc,hbond,mc-mc,0.08823529411764706
6,13,2,6,hbond,mc-mc,hbond,mc-mc,0.1323529411764706
7,14,3,7,hbond,mc-mc,hbond,mc-mc,0.19117647058823528
11,15,4,8,hbond,mc-mc,hbond,mc-mc,0.5441176470588235
12,18,5,9,hbond,mc-mc,hbond,mc-mc,0.4264705882352941
13,19,6,10,hbond,mc-mc,hbond,mc-mc,0.5588235294117647
14,19,7,10,saltbridge,sc-sc,saltbridge,sc-sc,0.10294117647058823
14,20,7,11,hbond,mc-mc,hbond,mc-mc,0.5735294117647058
14,276,7,254,saltbridge,sc-sc,saltbridge,sc-sc,0.04411764705882353
15,21,8,12,hbond,mc-mc,hbond,mc-mc,0.5
15,28,8,19,hydrophobic,sc-sc,hydrophobic,sc-sc,0.07352941176470588
15,44,8,35,hydrophobic,sc-sc,hydrophobic,sc-sc,0.058823529411764705
18,22,9,13,hbond,mc-mc,hbond,mc-mc,0.9558823529411765
19,23,10,14,hbond,mc-mc,hbond,mc-mc,0.9411764705882353
20,24,11,15,hbond,mc-mc,hbond,mc-mc,0.8676470588235294
21,25,12,16,hbond,mc-mc,hbond,mc-mc,0.9117647058823529
21,28,12,19,hbond,sc-mc,hbond,sc-mc,0.029411764705882353
21,45,12,36,saltbridge,sc-sc,saltbridge,sc-sc,0.08823529411764706
24,263,15,241,hbond,mc-sc,hbond,mc-sc,0.04411764705882353
27,260,18,238,hbond,mc-sc,hydrophobic,sc-sc,0.04411764705882353
28,44,19,35,hydrophobic,sc-sc,None,None,0.0
29,259,20,237,hbond,mc-mc,hydrophobic,sc-sc,0.14705882352941177
30,44,21,35,hbond,mc-mc,hbond,mc-mc,0.08823529411764706
31,40,22,31,hydrophobic,sc-sc,hydrophobic,sc-sc,0.04411764705882353
31,178,22,158,hydrophobic,sc-sc,hydrophobic,sc-sc,0.029411764705882353
31,182,22,162,hydrophobic,sc-sc,hydrophobic,sc-sc,0.07352941176470588
31,257,22,235,hydrophobic,sc-sc,hydrophobic,sc-sc,0.14705882352941177
32,42,23,33,hbond,mc-mc,hbond,mc-mc,0.08823529411764706
32,254,23,232,saltbridge,sc-sc,saltbridge,sc-sc,0.07352941176470588
33,255,24,233,hbond,mc-mc,hbond,mc-mc,0.10294117647058823
34,37,25,28,hbond,sc-mc,hbond,sc-mc,0.058823529411764705
34,38,25,29,hbond,mc-mc,hbond,mc-mc,0.07352941176470588
34,39,25,30,hbond,mc-mc,hbond,mc-mc,0.08823529411764706
35,186,26,166,hbond,mc-sc,hbond,mc-sc,0.058823529411764705
35,253,26,231,hbond,mc-mc,hbond,mc-mc,0.07352941176470588
35,255,26,233,hydrophobic,sc-sc,hydrophobic,sc-sc,0.058823529411764705
45,48,36,39,hbond,mc-mc,hbond,mc-mc,0.9852941176470589
46,179,37,159,hbond,mc-mc,hbond,mc-mc,0.8676470588235294
49,154,40,134,hbond,sc-mc,hbond,sc-mc,0.5147058823529411
49,172,40,152,saltbridge,sc-sc,saltbridge,sc-sc,0.19117647058823528
49,175,40,155,hbond,sc-sc,hbond,sc-sc,0.36764705882352944
50,51,41,42,hydrophobic,sc-sc,hydrophobic,sc-sc,0.5147058823529411
50,176,41,156,hbond,mc-mc,hbond,mc-mc,0.8676470588235294
50,178,41,158,hydrophobic,sc-sc,hydrophobic,sc-sc,0.6323529411764706
50,259,41,237,pipi,sc-sc,pipi,sc-sc,0.5294117647058824
51,167,42,147,hydrophobic,sc-sc,hydrophobic,sc-sc,0.6470588235294118
52,55,43,46,hbond,mc-mc,hbond,mc-mc,0.9705882352941176
52,174,43,154,hbond,mc-mc,hbond,mc-mc,0.8529411764705882
53,56,44,47,hbond,mc-mc,hbond,mc-mc,0.7941176470588235
54,57,45,48,hbond,mc-mc,hbond,mc-mc,1.0
55,58,46,49,hbond,mc-mc,hbond,mc-mc,0.9411764705882353
56,60,47,51,hbond,mc-mc,hbond,mc-mc,0.9852941176470589
56,157,47,137,hydrophobic,sc-sc,hydrophobic,sc-sc,0.3382352941176471
56,164,47,144,hydrophobic,sc-sc,hydrophobic,sc-sc,0.5147058823529411
57,61,48,52,hbond,mc-mc,hbond,mc-mc,1.0
57,121,48,105,hbond,sc-mc,hbond,sc-sc,0.35294117647058826
57,161,48,141,saltbridge,sc-sc,saltbridge,sc-sc,0.8676470588235294
58,62,49,53,hbond,mc-mc,hbond,mc-mc,0.9558823529411765
58,203,49,182,hydrophobic,sc-sc,hydrophobic,sc-sc,0.20588235294117646
59,63,50,54,hbond,mc-mc,hbond,mc-mc,1.0
59,147,50,127,hydrophobic,sc-sc,hydrophobic,sc-sc,0.5735294117647058
59,181,50,161,hydrophobic,sc-sc,hydrophobic,sc-sc,0.25
59,188,50,168,hydrophobic,sc-sc,hydrophobic,sc-sc,0.22058823529411764
60,64,51,55,hbond,mc-mc,hbond,mc-mc,1.0
60,129,51,113,hydrophobic,sc-sc,hydrophobic,sc-sc,0.6323529411764706
60,130,51,114,hydrophobic,sc-sc,hydrophobic,sc-sc,0.4852941176470588
60,133,51,117,hydrophobic,sc-sc,hydrophobic,sc-sc,0.36764705882352944
60,143,51,123,hydrophobic,sc-sc,hydrophobic,sc-sc,0.2647058823529412
61,65,52,56,hbond,mc-mc,hbond,mc-mc,1.0
62,66,53,57,hbond,mc-mc,hbond,mc-mc,0.9852941176470589
63,66,54,57,hbond,mc-sc,None,None,0.0
63,67,54,58,hbond,mc-mc,hbond,mc-mc,0.9852941176470589
63,143,54,123,hydrophobic,sc-sc,hydrophobic,sc-sc,0.23529411764705882
63,146,54,126,hydrophobic,sc-sc,hydrophobic,sc-sc,0.36764705882352944
64,68,55,59,hbond,mc-mc,hbond,mc-mc,0.9705882352941176
64,110,55,94,hydrophobic,sc-sc,hydrophobic,sc-sc,0.6323529411764706
65,69,56,60,hbond,mc-mc,hbond,mc-mc,0.4411764705882353
65,195,56,174,hydrophobic,sc-sc,hydrophobic,sc-sc,0.5735294117647058
65,203,56,182,hydrophobic,sc-sc,hydrophobic,sc-sc,0.6470588235294118
65,206,56,185,hydrophobic,sc-sc,hydrophobic,sc-sc,0.6617647058823529
66,70,57,61,hbond,mc-mc,hbond,mc-mc,0.4117647058823529
67,73,58,63,hbond,mc-mc,hbond,mc-mc,0.19117647058823528
67,74,58,64,saltbridge,sc-sc,hbond,mc-mc,0.25
69,196,60,175,hbond,sc-mc,hbond,sc-mc,0.47058823529411764
74,75,64,65,hbond,sc-mc,hbond,sc-mc,0.20588235294117646
74,78,64,68,saltbridge,sc-sc,saltbridge,sc-sc,0.22058823529411764
75,78,65,68,hbond,mc-mc,hbond,mc-mc,0.6911764705882353
76,110,66,94,hydrophobic,sc-sc,hydrophobic,sc-sc,0.058823529411764705
76,111,66,95,hbond,mc-mc,hbond,mc-mc,0.8235294117647058
76,206,66,185,hydrophobic,sc-sc,hydrophobic,sc-sc,0.014705882352941176
78,110,68,94,hbond,mc-mc,hbond,mc-mc,0.47058823529411764
79,112,69,96,saltbridge,sc-sc,saltbridge,sc-sc,0.17647058823529413
80,108,70,92,hbond,mc-mc,hbond,mc-mc,0.8382352941176471
80,113,70,97,hydrophobic,sc-sc,hydrophobic,sc-sc,0.4117647058823529
82,99,72,84,hbond,sc-mc,hbond,sc-mc,0.5441176470588235
83,91,73,76,hbond,mc-sc,hbond,mc-mc,0.7941176470588235
89,92,74,77,hbond,mc-mc,hbond,mc-mc,0.7794117647058824
92,103,77,88,hydrophobic,sc-sc,hydrophobic,sc-sc,0.36764705882352944
93,96,78,81,hbond,mc-sc,hbond,mc-sc,0.5882352941176471
93,124,78,108,hbond,mc-sc,hbond,mc-sc,0.4411764705882353
95,120,80,104,hbond,sc-mc,hbond,sc-mc,0.23529411764705882
95,123,80,107,hbond,mc-mc,hbond,mc-mc,0.8823529411764706
96,100,81,85,hbond,mc-mc,hbond,mc-mc,0.9558823529411765
96,124,81,108,hbond,sc-mc,hbond,sc-mc,0.4852941176470588
97,120,82,104,hydrophobic,sc-sc,hydrophobic,sc-sc,0.14705882352941177
98,101,83,86,hbond,mc-mc,hbond,mc-mc,0.6764705882352942
98,108,83,92,hydrophobic,sc-sc,hydrophobic,sc-sc,0.5294117647058824
98,116,83,100,hydrophobic,sc-sc,hydrophobic,sc-sc,0.8676470588235294
98,120,83,104,hydrophobic,sc-sc,hydrophobic,sc-sc,0.19117647058823528
99,102,84,87,hbond,mc-mc,hbond,mc-mc,0.3382352941176471
99,122,84,106,hbond,mc-sc,hbond,mc-sc,0.8970588235294118
102,106,87,91,hbond,mc-mc,hbond,mc-mc,0.6176470588235294
108,113,92,97,hydrophobic,sc-sc,hydrophobic,sc-sc,0.8823529411764706
109,112,93,96,hbond,sc-mc,hbond,sc-mc,0.9558823529411765
109,113,93,97,hbond,mc-mc,hbond,mc-mc,1.0
110,114,94,98,hbond,mc-mc,hbond,mc-mc,1.0
111,115,95,99,hbond,mc-mc,hbond,mc-mc,1.0
112,116,96,100,hbond,mc-mc,hbond,mc-mc,1.0
113,117,97,101,hbond,mc-mc,hbond,mc-mc,1.0
113,128,97,112,hydrophobic,sc-sc,hydrophobic,sc-sc,0.47058823529411764
113,129,97,113,hydrophobic,sc-sc,hydrophobic,sc-sc,0.7058823529411765
114,118,98,102,hbond,mc-mc,hbond,mc-mc,0.9852941176470589
114,206,98,185,hydrophobic,sc-sc,hydrophobic,sc-sc,0.5
115,119,99,103,hbond,mc-mc,hbond,mc-mc,0.9852941176470589
116,122,100,106,hbond,mc-mc,hbond,mc-mc,0.9705882352941176
116,125,100,109,hydrophobic,sc-sc,hydrophobic,sc-sc,0.45588235294117646
118,206,102,185,hydrophobic,sc-sc,hydrophobic,sc-sc,0.6764705882352942
119,211,103,190,hbond,mc-mc,hbond,mc-mc,0.7794117647058824
121,230,105,209,hbond,sc-sc,hbond,sc-sc,0.27941176470588236
122,125,106,109,hbond,sc-mc,hbond,sc-mc,0.9558823529411765
122,126,106,110,hbond,mc-mc,hbond,mc-mc,0.9852941176470589
123,127,107,111,hbond,mc-mc,hbond,mc-mc,1.0
124,128,108,112,hbond,mc-mc,hbond,mc-mc,1.0
125,129,109,113,hbond,mc-mc,hbond,mc-mc,1.0
126,130,110,114,hbond,mc-mc,hbond,mc-mc,0.9852941176470589
127,131,111,115,hbond,mc-sc,hbond,mc-mc,0.9852941176470589
127,161,111,141,hbond,sc-mc,hbond,sc-mc,0.9117647058823529
128,132,112,116,hbond,mc-mc,hbond,mc-mc,0.9264705882352942
129,132,113,116,hbond,mc-sc,hbond,mc-sc,0.1323529411764706
129,133,113,117,hbond,mc-mc,hbond,mc-mc,0.9852941176470589
130,133,114,117,hydrophobic,sc-sc,hydrophobic,sc-sc,0.23529411764705882
130,135,114,118,hbond,mc-mc,hbond,mc-mc,0.6470588235294118
130,136,114,119,hbond,mc-mc,hbond,mc-mc,0.6323529411764706
130,137,114,120,hydrophobic,sc-sc,hydrophobic,sc-sc,0.23529411764705882
130,160,114,140,hydrophobic,sc-sc,hydrophobic,sc-sc,0.4264705882352941
131,135,115,118,hbond,mc-mc,hbond,mc-mc,0.23529411764705882
133,143,117,123,hydrophobic,sc-sc,hydrophobic,sc-sc,0.4264705882352941
136,143,119,123,hbond,mc-mc,hbond,mc-mc,0.38235294117647056
137,144,120,124,hbond,mc-mc,hbond,mc-mc,0.5735294117647058
138,139,121,122,saltbridge,sc-sc,None,None,0.0
138,145,121,125,hbond,mc-mc,hbond,mc-mc,0.5441176470588235
139,146,122,126,hbond,mc-mc,hbond,mc-mc,0.5294117647058824
143,147,123,127,hbond,mc-mc,hbond,mc-mc,0.9411764705882353
143,157,123,137,hydrophobic,sc-sc,hydrophobic,sc-sc,0.7205882352941176
144,148,124,128,hbond,mc-mc,hbond,mc-mc,0.9411764705882353
145,149,125,129,hbond,mc-mc,hbond,mc-mc,0.9411764705882353
146,150,126,130,hbond,mc-mc,hbond,mc-mc,0.9117647058823529
146,194,126,173,hydrophobic,sc-sc,hydrophobic,sc-sc,0.058823529411764705
147,152,127,132,hbond,mc-mc,hbond,mc-mc,0.9411764705882353
148,151,128,131,hbond,mc-mc,hbond,mc-mc,0.9117647058823529
150,194,130,173,hydrophobic,sc-sc,hydrophobic,sc-sc,0.2647058823529412
152,155,132,135,hbond,sc-mc,hbond,sc-mc,0.9117647058823529
154,177,134,157,hydrophobic,sc-sc,hydrophobic,sc-sc,0.029411764705882353
154,180,134,160,hydrophobic,sc-sc,hydrophobic,sc-sc,0.3382352941176471
156,158,136,138,saltbridge,sc-sc,saltbridge,sc-sc,0.7352941176470589
156,175,136,155,hbond,mc-mc,hbond,mc-mc,0.8529411764705882
158,174,138,154,hbond,sc-mc,hbond,sc-mc,0.7352941176470589
159,166,139,146,saltbridge,sc-sc,hbond,sc-sc,0.5735294117647058
159,171,139,151,saltbridge,sc-sc,saltbridge,sc-sc,0.4852941176470588
159,174,139,154,hbond,mc-sc,hbond,mc-sc,0.8823529411764706
160,164,140,144,hbond,mc-mc,hbond,mc-mc,0.8823529411764706
162,165,142,145,hbond,mc-mc,hbond,mc-mc,0.8970588235294118
165,236,145,214,hbond,mc-mc,hbond,mc-mc,0.4852941176470588
166,173,146,153,saltbridge,sc-sc,saltbridge,sc-sc,0.1323529411764706
168,169,148,149,hydrophobic,sc-sc,hydrophobic,sc-sc,0.6176470588235294
168,171,148,151,hbond,mc-mc,hbond,mc-mc,0.8088235294117647
171,173,151,153,hbond,sc-mc,hbond,sc-mc,0.7941176470588235
172,175,152,155,hbond,mc-sc,hbond,mc-sc,0.6323529411764706
177,178,157,158,hydrophobic,sc-sc,hydrophobic,sc-sc,0.014705882352941176
177,180,157,160,hydrophobic,sc-sc,hbond,sc-mc,0.7941176470588235
177,181,157,161,hbond,mc-mc,hbond,mc-mc,1.0
178,182,158,162,hbond,mc-mc,hbond,mc-mc,1.0
179,183,159,163,hbond,mc-sc,hbond,mc-mc,1.0
180,184,160,164,hbond,mc-mc,hbond,mc-mc,1.0
181,185,161,165,hbond,mc-mc,hbond,mc-mc,1.0
181,243,161,221,hydrophobic,sc-sc,hydrophobic,sc-sc,0.5
182,186,162,166,hbond,mc-mc,hbond,mc-mc,1.0
182,257,162,235,hydrophobic,sc-sc,hydrophobic,sc-sc,0.25
183,187,163,167,hbond,mc-mc,hbond,mc-mc,0.9705882352941176
184,188,164,168,hbond,mc-mc,hbond,mc-mc,0.9411764705882353
185,189,165,169,hydrophobic,sc-sc,hbond,mc-mc,0.9411764705882353
185,207,165,186,hydrophobic,sc-sc,hydrophobic,sc-sc,0.22058823529411764
185,243,165,221,hydrophobic,sc-sc,hydrophobic,sc-sc,0.39705882352941174
185,255,165,233,hydrophobic,sc-sc,hydrophobic,sc-sc,0.36764705882352944
186,190,166,170,hbond,mc-mc,hbond,mc-mc,0.7941176470588235
187,191,167,171,hbond,mc-mc,hbond,mc-mc,0.23529411764705882
188,194,168,173,hydrophobic,sc-sc,hydrophobic,sc-sc,0.45588235294117646
189,245,169,223,hydrophobic,sc-sc,hydrophobic,sc-sc,0.45588235294117646
194,195,173,174,hydrophobic,sc-sc,hydrophobic,sc-sc,0.17647058823529413
195,203,174,182,hydrophobic,sc-sc,hydrophobic,sc-sc,0.04411764705882353
196,200,175,179,hbond,mc-mc,hbond,mc-mc,1.0
197,201,176,180,hbond,mc-mc,hbond,mc-mc,1.0
198,202,177,181,hbond,mc-mc,hbond,mc-mc,1.0
199,203,178,182,hbond,mc-mc,hbond,mc-mc,1.0
200,204,179,183,hbond,mc-mc,hbond,mc-mc,1.0
201,205,180,184,hbond,mc-mc,hbond,mc-mc,0.9411764705882353
202,206,181,185,hbond,mc-mc,hbond,mc-mc,0.9264705882352942
203,207,182,186,hbond,mc-mc,hbond,mc-mc,0.9264705882352942
204,208,183,187,hbond,mc-mc,hbond,mc-mc,0.8676470588235294
204,226,183,205,hydrophobic,sc-sc,hydrophobic,sc-sc,0.029411764705882353
204,228,183,207,hydrophobic,sc-sc,hydrophobic,sc-sc,0.04411764705882353
205,209,184,188,hbond,mc-mc,hbond,mc-mc,0.8676470588235294
207,228,186,207,hydrophobic,sc-sc,hydrophobic,sc-sc,0.3235294117647059
207,229,186,208,hbond,mc-mc,hbond,mc-mc,0.8382352941176471
207,243,186,221,hydrophobic,sc-sc,hydrophobic,sc-sc,0.014705882352941176
208,218,187,197,hbond,mc-sc,hbond,mc-sc,0.20588235294117646
210,213,189,192,hbond,sc-mc,hbond,sc-mc,0.19117647058823528
210,218,189,197,saltbridge,sc-sc,hbond,mc-sc,0.11764705882352941
213,216,192,195,hbond,mc-mc,hbond,mc-mc,0.9117647058823529
216,219,195,198,hbond,mc-sc,hbond,mc-mc,0.6470588235294118
216,242,195,220,hydrophobic,sc-sc,hbond,sc-sc,0.16176470588235295
216,274,195,252,hydrophobic,sc-sc,hydrophobic,sc-sc,0.07352941176470588
217,242,196,220,hydrophobic,sc-sc,hbond,mc-sc,0.8823529411764706
218,221,197,200,hbond,mc-mc,hbond,mc-mc,0.6911764705882353
218,229,197,208,saltbridge,sc-sc,saltbridge,sc-sc,0.7352941176470589
221,222,200,201,hydrophobic,sc-sc,hydrophobic,sc-sc,0.9264705882352942
221,227,200,206,hydrophobic,sc-sc,hydrophobic,sc-sc,0.4411764705882353
221,246,200,224,hydrophobic,sc-sc,hydrophobic,sc-sc,0.5294117647058824
221,282,200,260,hydrophobic,sc-sc,hydrophobic,sc-sc,0.058823529411764705
222,225,201,204,hydrophobic,sc-sc,hydrophobic,sc-sc,0.9117647058823529
222,282,201,260,hydrophobic,sc-sc,hydrophobic,sc-sc,0.08823529411764706
225,248,204,226,hydrophobic,sc-sc,hydrophobic,sc-sc,0.5588235294117647
225,285,204,263,pipi,sc-sc,hydrophobic,sc-sc,0.14705882352941177
226,228,205,207,hydrophobic,sc-sc,hydrophobic,sc-sc,0.08823529411764706
226,247,205,225,hbond,mc-mc,hbond,mc-mc,0.8088235294117647
226,252,205,230,hydrophobic,sc-sc,hydrophobic,sc-sc,0.058823529411764705
227,244,206,222,hydrophobic,sc-sc,hydrophobic,sc-sc,0.5882352941176471
227,246,206,224,hydrophobic,sc-sc,hydrophobic,sc-sc,0.5
228,245,207,223,hbond,mc-mc,hbond,mc-mc,0.8970588235294118
230,243,209,221,hbond,mc-mc,hbond,mc-mc,0.8970588235294118
232,240,211,218,hbond,mc-sc,hbond,mc-sc,0.1323529411764706
232,241,211,219,hbond,mc-mc,hbond,mc-mc,0.8970588235294118
235,239,213,217,hbond,mc-mc,hbond,mc-mc,0.6911764705882353
236,239,214,217,hbond,mc-mc,hbond,mc-mc,0.7205882352941176
237,262,215,240,hbond,mc-mc,hbond,mc-mc,0.35294117647058826
239,261,217,239,hbond,sc-sc,hbond,sc-sc,0.11764705882352941
240,260,218,238,hbond,mc-mc,hbond,mc-mc,0.6176470588235294
240,271,218,249,hbond,sc-sc,hbond,sc-mc,0.3382352941176471
242,258,220,236,hydrophobic,sc-sc,hbond,mc-mc,0.6029411764705882
244,256,222,234,hbond,mc-mc,hbond,mc-mc,0.6176470588235294
245,252,223,230,hydrophobic,sc-sc,hydrophobic,sc-sc,0.058823529411764705
245,255,223,233,hydrophobic,sc-sc,hydrophobic,sc-sc,0.20588235294117646
246,253,224,231,hbond,mc-mc,hbond,mc-mc,0.058823529411764705
246,254,224,232,hbond,mc-mc,hbond,mc-mc,0.6176470588235294
246,256,224,234,hydrophobic,sc-sc,hydrophobic,sc-sc,0.14705882352941177
246,285,224,263,hydrophobic,sc-sc,hydrophobic,sc-sc,0.10294117647058823
248,251,226,229,hbond,mc-mc,hbond,mc-mc,0.36764705882352944
248,285,226,263,hydrophobic,sc-sc,hydrophobic,sc-sc,0.08823529411764706
254,285,232,263,cationpi,sc-sc,cationpi,sc-sc,0.10294117647058823
256,258,234,236,hydrophobic,sc-sc,hydrophobic,sc-sc,0.25
258,274,236,252,hydrophobic,sc-sc,hydrophobic,sc-sc,0.1323529411764706
258,277,236,255,hydrophobic,sc-sc,hydrophobic,sc-sc,0.19117647058823528
263,265,241,243,hbond,sc-mc,hbond,sc-mc,0.08823529411764706
266,269,244,247,hbond,mc-sc,hbond,sc-mc,0.23529411764705882
266,270,244,248,hbond,mc-mc,hbond,mc-mc,0.3235294117647059
267,271,245,249,hbond,mc-mc,hbond,mc-mc,0.3382352941176471
268,272,246,250,hbond,mc-mc,hbond,mc-mc,0.35294117647058826
269,273,247,251,hbond,mc-mc,hbond,mc-mc,0.35294117647058826
270,274,248,252,hbond,mc-mc,hbond,mc-mc,0.35294117647058826
271,275,249,253,hbond,mc-mc,hbond,mc-mc,0.4117647058823529
272,276,250,254,hbond,mc-mc,hbond,mc-mc,0.9558823529411765
273,277,251,255,hbond,mc-mc,hbond,mc-mc,0.9411764705882353
274,278,252,256,hbond,mc-mc,hbond,mc-mc,1.0
275,279,253,257,hbond,mc-mc,hbond,mc-mc,1.0
276,280,254,258,hbond,mc-mc,hbond,mc-mc,1.0
277,281,255,259,hbond,mc-mc,hbond,mc-mc,1.0
278,282,256,260,hbond,mc-mc,hbond,mc-mc,1.0
279,283,257,261,hbond,mc-mc,hbond,mc-mc,0.9705882352941176
280,284,258,262,hbond,mc-mc,hbond,mc-mc,0.8970588235294118
281,285,259,263,hydrophobic,sc-sc,hbond,mc-mc,0.7058823529411765
